,أمية,أبا الصلت,أبا الصلت أمية بن عبد العزيز , ‭13.46
 ,,أبا الصلْت,أبا الصلْت, ‭13.46
 ,يحيى,أبا الطاهر,أبا الطاهر يحيى بن تميم بن معز بن باديس , ‭13.46
 ,,أبا العرب,أبا العرب, ‭13.18
 ,,أبا العلاء,أبا العلاء, ‭13.46
 ابن زهر,,أبا العلاء,أبا العلاء ابن زهر , ‭13.46
 ,كر,أبا ب,أبا بكر بن أبي الحسن الزهري ,‭13.80.2
 ,كر,أبا ب,أبا بكر بن باجة , ‭13.46
 ,كر,أبا ب,أبا بكر بن زهر , ‭13.46
 ,كر,أبا ب,أبا بكر بن زهر , ‭13.46
 ,,أبا جعفر,أبا جعفر, ‭13.3
 ,,أبا جعفر,أبا جعفر, ‭13.46
 ,,أبا جعفر,أبا جعفر, ‭13.46
 ,أحمد,أبا جعفر,أبا جعفر أحمد بن الجزار , ‭13.3
 ,عبد الله,أبا محمد,أبا محمد عبد الله المهدي , ‭13.2
 ,,أبا مروان,أبا مروان, ‭13.46
 ابن زهر,,أبا مروان,أبا مروان ابن زهر , ‭13.46
 ,عبد الملك,أبا مروان,أبا مروان عبد الملك , ‭13.46
 ,عبد الملك,أبا مروان,أبا مروان عبد الملك بن زهر , ‭13.46
 ,عبد الملك,أبا مروان,أبا مروان عبد الملك بن زهر لنفسه , ‭13.46
 ,,أبا يعقوب,أبا يعقوب, ‭13.2
 ,,أبا يوسف,أبا يوسف,‭13.68.3
 ,,أبو إسحاق,أبو إسحاق بن طملوس ,‭13.81.2
 ,,أبو إسحق,أبو إسحق ,‭13.68.3
 ,,أبو الأصبغ,أبو الأصبغ بن حيّوية , ‭13.17
 ,,أبو الحجاج,أبو الحجاج ,‭13.68.3
 ابن موراطير,,أبو الحجاج,أبو الحجاج ابن موراطير ,‭13.68.3
 ,,أبو الحجاج,أبو الحجاج بن موراطير ,‭13.68.2
 ,,أبو الحجاج,أبو الحجاج بن موراطير ,‭13.68.3
 ,يوسف,أبو الحجاج,أبو الحجاج يوسف بن موراطير , ‭13.46
 ,عبد الرحمن,أبو الحسن,أبو الحسن عبد الرحمن بن خلف بن عساكر الدارمي , ‭13.18
 ,علي,أبو الحسن,أبو الحسن علي بن الإمام , ‭13.46
 ,علي,أبو الحسن,أبو الحسن علي بن الإمام , ‭13.46
 ,علي,أبو الحسن,أبو الحسن علي بن سليمان الزهراوي , ‭13.7
 ,علي,أبو الحسن,أبو الحسن علي بن عبد العزيز بن الإمام , ‭13.46
 ,,أبو الحسين,أبو الحسين , ‭13.46
 ,,أبو الحسين,أبو الحسين بن أسدون ,‭13.68.3
 ,,أبو الحسين,أبو الحسين بن أَسَدون , ‭13.46
 ,,أبو الحكم,أبو الحكم الكرماني , ‭13.9
 ,,أبو الحكم,أبو الحكم بن غلندو ,‭13.68.3
 ,عمرو,أبو الحكم,أبو الحكم عمرو بن عبد الرحمن بن أحمد بن علي الكرمانى , ‭13.9
 ,,أبو الصلت,أبو الصلت , ‭13.46
 ,,أبو الصلت,أبو الصلت , ‭13.46
 ,,أبو الصلت,أبو الصلت , ‭13.46
 ,,أبو الصلت,أبو الصلت , ‭13.46
 ,أمية,أبو الصلت,أبو الصلت أمية بن عبد العزيز , ‭13.46
 ,,أبو العباس,أبو العباس,‭13.80.2
 ,,أبو العباس,أبو العباس,‭13.81.2
 ,أحمد,أبو العباس,أبو العباس أحمد بن أبي عبد الله ,‭13.81.2
 ,أحمد,أبو العباس,أبو العباس أحمد بن محمد بن أحمد , ‭13.46
 ,أحمد,أبو العباس,أبو العباس أحمد بن محمد بن مفرج النباتي ,‭13.81.2
 ,,أبو العباس,أبو العباس الكنبناري ,‭13.81.2
 ,,أبو العباس,أبو العباس بن الرومية ,‭13.81.2
 ,يوسف,أبو العرب,أبو العرب يوسف بن محمد , ‭13.18
 ,,أبو العلاء,أبو العلاء , ‭13.46
 ,,أبو العلاء,أبو العلاء ,‭13.68.3
 ابن زهر,,أبو العلاء,أبو العلاء ابن زهر , ‭13.46
 ,أحمد,أبو العلاء,أبو العلاء بن أبي جعفر أحمد بن حسان ,‭13.68.3
 ,,أبو العلاء,أبو العلاء بن زهر , ‭13.46
 ,زهر,أبو العلاء,أبو العلاء زهر بن أبي مروان عبد الملك بن محمد بن مروان بن زهر , ‭13.46
 ,,أبو العيناء,أبو العيناء المصري , ‭13.46
 ,,أبو الفضل,أبو الفضل, ‭13.9
 ,,أبو الفضل,أبو الفضل , ‭13.9
 ,حسداي,أبو الفضل,أبو الفضل حسداي بن يوسف بن حسداي , ‭13.46
 ,,أبو القاسم,أبو القاسم , ‭13.46
 ,أحمد,أبو القاسم,أبو القاسم أحمد بن عبد الله بن عمر , ‭13.7
 ,أصبغ,أبو القاسم,أبو القاسم أصبغ بن محمد بن السمح المهندس , ‭13.6
 ,,أبو القاسم,أبو القاسم المعاجيني , ‭13.46
 ,مسلمة,أبو القاسم,أبو القاسم مسلمة بن أحمد , ‭13.4
 ,مسلمة,أبو القاسم,أبو القاسم مسلمة بن أحمد , ‭13.5
 ,,أبو المطرف,أبو المطرف بن وافد , ‭13.18
 ,عبد الرحمن,أبو المطرف,أبو المطرف عبد الرحمن بن محمد بن عبد الكبير بن وافد اللخمي , ‭13.18
 ,,أبو النصر,أبو النصر لأرسطوطاليس , ‭13.46
 ,,أبو الوليد,أبو الوليد , ‭13.46
 ,,أبو الوليد,أبو الوليد بن الكتاني , ‭13.18
 ,,أبو الوليد,أبو الوليد بن رشد , ‭13.46
 ,,أبو الوليد,أبو الوليد بن رشد , ‭13.46
 ,,أبو الوليد,أبو الوليد بن رشد , ‭13.46
 ,محمد,أبو الوليد,أبو الوليد محمد بن أحمد بن رشد, ‭13.46
 ,محمد,أبو الوليد,أبو الوليد محمد بن أحمد بن محمد بن رشد , ‭13.46
 ,محمد,أبو الوليد,أبو الوليد محمد بن الحسين , ‭13.18
 ,,أبو بكر,أبو بكر , ‭13.3
 ,,أبو بكر,أبو بكر , ‭13.46
 ,,أبو بكر,أبو بكر , ‭13.46
 ,,أبو بكر,أبو بكر , ‭13.46
 ,,أبو بكر,أبو بكر ,‭13.80.2
 ,أحمد,أبو بكر,أبو بكر أحمد بن جابر , ‭13.18
 ابن زهر,,أبو بكر,أبو بكر ابن زهر الترياق , ‭13.46
 ,,أبو بكر,أبو بكر الزهري ,‭13.80.2
 ,,أبو بكر,أبو بكر بن أبي الحسن الزهري ,‭13.80.2
 ,,أبو بكر,أبو بكر بن أيوب ,‭13.81.2
 ,,أبو بكر,أبو بكر بن الفقيه القاضي أبي الحسن الزهري ,‭13.80.1
 ,,أبو بكر,أبو بكر بن القاضي أبي الحسن الزهري ,‭13.68.3
 ,,أبو بكر,أبو بكر بن باجة , ‭13.46
 ,,أبو بكر,أبو بكر بن تاج , ‭13.18
 ,,أبو بكر,أبو بكر بن زهر , ‭13.46
 ,,أبو بكر,أبو بكر بن زهر , ‭13.46
 ,,أبو بكر,أبو بكر بن زهر , ‭13.46
 ,,أبو بكر,أبو بكر بن زهر , ‭13.46
 ,,أبو بكر,أبو بكر بن زهر , ‭13.46
 ,,أبو بكر,أبو بكر بن زهر , ‭13.46
 ,,أبو بكر,أبو بكر بن زهر ,‭13.68.2
 ,,أبو بكر,أبو بكر بن زهر لنفسه , ‭13.46
 ,,أبو بكر,أبو بكر بن زهر لنفسه , ‭13.46
 ,حامد,أبو بكر,أبو بكر حامد بن سمجون , ‭13.46
 ,محمد,أبو بكر,أبو بكر محمد بن أبي مروان بن أبي العلاء بن زهر , ‭13.46
 ,محمد,أبو بكر,أبو بكر محمد بن يحيى بن الصائغ , ‭13.46
 ,يحيى,أبو بكر,أبو بكر يحيى بن أحمد , ‭13.18
 ,,أبو جعفر,أبو جعفر , ‭13.3
 ,,أبو جعفر,أبو جعفر , ‭13.10
 ,,أبو جعفر,أبو جعفر ,‭13.68.3
 ,أحمد,أبو جعفر,أبو جعفر أحمد بن إبراهيم بن أبي خالد , ‭13.3
 ,أحمد,أبو جعفر,أبو جعفر أحمد بن جريج ,‭13.81.2
 ,أحمد,أبو جعفر,أبو جعفر أحمد بن حسان ,‭13.68.3
 ,أحمد,أبو جعفر,أبو جعفر أحمد بن حسان الغرناطي ,‭13.68.3
 ,أحمد,أبو جعفر,أبو جعفر أحمد بن خميس بن عامر بن دُمِنْجُ , ‭13.10
 ,أحمد,أبو جعفر,أبو جعفر أحمد بن خميس بن عامر بن دُمِنْجُ , ‭13.11
 ,أحمد,أبو جعفر,أبو جعفر أحمد بن سابق ,‭13.81.2
 ,أحمد,أبو جعفر,أبو جعفر أحمد بن محمد بن أحمد بن سيد الغافقي , ‭13.46
 ابن الغزال,,أبو جعفر,أبو جعفر ابن الغزال ,‭13.68.3
 ,,أبو جعفر,أبو جعفر الذهبي ,‭13.81.2
 ,,أبو جعفر,أبو جعفر الذهبي ,‭13.81.2
 ,,أبو جعفر,أبو جعفر بن الغزال, ‭13.46
 ,,أبو جعفر,أبو جعفر بن الغزال ,‭13.68.3
 ,,أبو جعفر,أبو جعفر بن حسان ,‭13.68.3
 ,,أبو جعفر,أبو جعفر بن حسان ,‭13.68.3
 ,,أبو جعفر,أبو جعفر بن خميس الطليطلي , ‭13.18
 ,,أبو جعفر,أبو جعفر بن هارون , ‭13.46
 ,,أبو جعفر,أبو جعفر بن هارون , ‭13.46
 ,,أبو جعفر,أبو جعفر بن هارون الترجالي , ‭13.46
 ,يوسف,أبو جعفر,أبو جعفر يوسف بن أحمد , ‭13.46
 ,يوسف,أبو جعفر,أبو جعفر يوسف بن أحمد بن حسداي, ‭13.46
 ,يوسف,أبو جعفر,أبو جعفر يوسف بن أحمد بن حسداي , ‭13.46
 ,يوسف,أبو جعفر,أبو جعفر يوسف بن أحمد بن حسداي الوارد , ‭13.18
 ,سليمان,أبو داود,أبو داود سليمان بن حسان , ‭13.18
 ,عبد الرحمن,أبو زيد,أبو زيد عبد الرحمن , ‭13.46
 ,عبد الرحمن,أبو زيد,أبو زيد عبد الرحمن بن يوجان , ‭13.46
 ,مسلم,أبو سلمه,أبو سلمه مسلم بن عمر بن أحمد, ‭13.10
 ,محمد,أبو سليمان,أبو سليمان محمد بن طاهر بن بهرام السجستاني , ‭13.18
 ,,أبو عامر,أبو عامر بن ينق الشاطبي , ‭13.46
 ,,أبو عبد الله,أبو عبد الله , ‭13.2
 ,,أبو عبد الله,أبو عبد الله , ‭13.46
 ,,أبو عبد الله,أبو عبد الله , ‭13.46
 ,,أبو عبد الله,أبو عبد الله ,‭13.68.3
 ,,أبو عبد الله,أبو عبد الله ,‭13.81.1
 ,,أبو عبد الله,أبو عبد الله ,‭13.81.2
 ,,أبو عبد الله,أبو عبد الله الحسيني , ‭13.46
 ,,أبو عبد الله,أبو عبد الله المغربي ,‭13.81.2
 ,,أبو عبد الله,أبو عبد الله الملك , ‭13.18
 ,,أبو عبد الله,أبو عبد الله الندرومي ,‭13.80.2
 ,,أبو عبد الله,أبو عبد الله بن الكتاني , ‭13.18
 ,,أبو عبد الله,أبو عبد الله بن يزيد ,‭13.68.3
 ,محمد,أبو عبد الله,أبو عبد الله محمد بن أبي علي الحسن بن أبي يوسف , ‭13.46
 ,محمد,أبو عبد الله,أبو عبد الله محمد بن إبراهيم , ‭13.46
 ,محمد,أبو عبد الله,أبو عبد الله محمد بن الحسين المعروف , ‭13.18
 ,محمد,أبو عبد الله,أبو عبد الله محمد بن الحسين بن أبي علي بن أبي يوسف , ‭13.46
 ,محمد,أبو عبد الله,أبو عبد الله محمد بن عبد الله بن تومرت , ‭13.46
 ,محمد,أبو عبد الله,أبو عبد الله محمد بن عبد الله بن حامد البجائي , ‭13.18
 ,محمد,أبو عبد الله,أبو عبد الله محمد بن علي, ‭13.46
 ,محمد,أبو عبد الله,أبو عبد الله محمد بن محمد بن عبد الله بن إدريس الحسني , ‭13.46
 ,محمد,أبو عبد الله,أبو عبد الله محمد بن نور الدولة أبي شجاع الآمري , ‭13.46
 ,محمد,أبو عبد الله,أبو عبد الله محمد بن يعقوب ,‭13.68.3
 ,,أبو عبيد,أبو عبيد , ‭13.46
 ,,أبو عثمان,أبو عثمان, ‭13.18
 ,,أبو عثمان,أبو عثمان , ‭13.18
 ,سعيد,أبو عثمان,أبو عثمان سعيد بن محمد بن البغونش , ‭13.18
 ,سعيد,أبو عثمان,أبو عثمان سعيد بن محمد بن البغونش الطليطلي , ‭13.18
 ,,أبو عمران,أبو عمران بن أبي , ‭13.46
 ,,أبو عمران,أبو عمران بن عمران الزاهد , ‭13.46
 ,,أبو محمد,أبو محمد الشذوني ,‭13.68.3
 ,,أبو محمد,أبو محمد بن الحفيد أبي بكر بن زهر , ‭13.46
 ,,أبو محمد,أبو محمد بن رشد , ‭13.46
 ,عبد الله,أبو محمد,أبو محمد عبد الله , ‭13.46
 ,عبد الله,أبو محمد,أبو محمد عبد الله بن أبي , ‭13.46
 ,عبد الله,أبو محمد,أبو محمد عبد الله بن الحفيد , ‭13.46
 ,عبد الله,أبو محمد,أبو محمد عبد الله بن الحفيد , ‭13.46
 ,عبد الله,أبو محمد,أبو محمد عبد الله بن الحفيد , ‭13.46
 ,عبد الله,أبو محمد,أبو محمد عبد الله بن الحفيد أبي بكر بن زهر , ‭13.46
 ,عبد الله,أبو محمد,أبو محمد عبد الله بن محمد الأزدي , ‭13.18
 ,عبد الواحد,أبو محمد,أبو محمد عبد الواحد , ‭13.46
 ,عبد الواحد,أبو محمد,أبو محمد عبد الواحد بن الشيخ أبي حفص الهنتاتي , ‭13.46
 ,,أبو مروان,أبو مروان , ‭13.46
 ,,أبو مروان,أبو مروان , ‭13.46
 ,,أبو مروان,أبو مروان , ‭13.46
 ,أحمد,أبو مروان,أبو مروان أحمد بن القاضي أبي عبد الله , ‭13.46
 ابن زهر,,أبو مروان,أبو مروان ابن زهر , ‭13.46
 ,,أبو مروان,أبو مروان الإشبيلي , ‭13.46
 ,,أبو مروان,أبو مروان الباجي , ‭13.46
 ,,أبو مروان,أبو مروان الباجي , ‭13.46
 ,,أبو مروان,أبو مروان الباجي , ‭13.46
 ,,أبو مروان,أبو مروان الباجي , ‭13.46
 ,,أبو مروان,أبو مروان الباجي , ‭13.46
 ,,أبو مروان,أبو مروان الباجي , ‭13.46
 ,,أبو مروان,أبو مروان الباجي , ‭13.46
 ,,أبو مروان,أبو مروان الباجي , ‭13.46
 ,,أبو مروان,أبو مروان الباجي , ‭13.46
 ,,أبو مروان,أبو مروان الباجي ,‭13.68.2
 ,,أبو مروان,أبو مروان الباجي ,‭13.80.2
 ,,أبو مروان,أبو مروان بن أبي العلاء بن زهر , ‭13.46
 ,,أبو مروان,أبو مروان بن زهر , ‭13.46
 ,,أبو مروان,أبو مروان بن زهر , ‭13.46
 ,,أبو مروان,أبو مروان بن زهر , ‭13.46
 ,,أبو مروان,أبو مروان بن زهر , ‭13.46
 ,,أبو مروان,أبو مروان بن زهر , ‭13.46
 ,,أبو مروان,أبو مروان بن زهر , ‭13.46
 ,,أبو مروان,أبو مروان بن زهر الترياق , ‭13.46
 ,سليمان,أبو مروان,أبو مروان سليمان بن محمد بن عيسى بن الناشي المهندس , ‭13.6
 ,عبد الملك,أبو مروان,أبو مروان عبد الملك بن أبي العلاء , ‭13.46
 ,عبد الملك,أبو مروان,أبو مروان عبد الملك بن أبي العلاء بن زهر , ‭13.46
 ,عبد الملك,أبو مروان,أبو مروان عبد الملك بن أبي العلاء بن زهر , ‭13.46
 ,عبد الملك,أبو مروان,أبو مروان عبد الملك بن الفقيه محمد بن مروان بن زهر الإيادي , ‭13.46
 ,عبد الملك,أبو مروان,أبو مروان عبد الملك بن قبلال ,‭13.68.3
 ,محمد,أبو مروان,أبو مروان محمد بن أحمد بن عبد الملك الباجي , ‭13.46
 ,محمد,أبو مروان,أبو مروان محمد بن أحمد بن عبد الملك اللخمي , ‭13.46
 ,محمد,أبو مروان,أبو مروان محمد بن أحمد بن عبد الملك اللخمي , ‭13.46
 ,عمر,أبو مسلم,أبو مسلم عمر بن أحمد , ‭13.10
 ,عيسى,أبو موسى,أبو موسى عيسى بن عبد العزيز , ‭13.46
 ,,أبو يحيى,أبو يحيى ,‭13.68.3
 ,,أبو يحيى,أبو يحيى اليسع , ‭13.46
 ,,أبو يحيى,أبو يحيى اليسع , ‭13.46
 ,اليسع,أبو يحيى,أبو يحيى اليسع بن عيسى بن حزم بن اليسع , ‭13.18
 ,اليسع,أبو يحيى,أبو يحيى اليسع بن عيسى بن حزم بن اليسع , ‭13.46
 ,,أبو يحيى,أبو يحيى بن قاسم الإشبيلي ,‭13.68.3
 ,,أبي أنت,أبي أنت لي, ‭13.46
 ,,أبي الأصبغ,أبي الأصبغ الرازي , ‭13.18
 ,يوسف,أبي الحجاج,أبي الحجاج يوسف بن موراطير,‭13.81.1
 ,يوسف,أبي الحجاج,أبي الحجاج يوسف بن موراطير ,‭13.81.2
 ,,أبي الحسن,أبي الحسن, ‭13.2
 ,,أبي الحسن,أبي الحسن , ‭13.2
 ,,أبي الحسين,أبي الحسين بن جبير الغرناطي ,‭13.68.3
 ,,أبي الخير,أبي الخير , ‭13.46
 ,,أبي الصلت,أبي الصلت , ‭13.46
 ,,أبي الصلت,أبي الصلت , ‭13.46
 ,,أبي الصلت,أبي الصلت , ‭13.46
 ,,أبي الصلت,أبي الصلت , ‭13.46
 ,أمية,أبي الصلت,أبي الصلت أمية بن عبد العزيز , ‭13.46
 ,يحيى,أبي الطاهر,أبي الطاهر يحيى بن تميم بن المعز بن باديس, ‭13.46
 ,,أبي العلاء,أبي العلاء , ‭13.46
 ,,أبي العلاء,أبي العلاء بن زهر , ‭13.46
 ,,أبي العلاء,أبي العلاء بن زهر , ‭13.46
 ,,أبي العلاء,أبي العلاء بن زهر , ‭13.46
 ,,أبي العلاء,أبي العلاء بن زهر , ‭13.46
 ,علي,أبي القاسم,أبي القاسم علي بن سليمان , ‭13.46
 ,مسلمة,أبي القاسم,أبي القاسم مسلمة بن أحمد , ‭13.7
 ,مسلمة,أبي القاسم,أبي القاسم مسلمة بن أحمد , ‭13.8
 ,مسلمة,أبي القاسم,أبي القاسم مسلمة بن أحمد , ‭13.10
 ,مسلمة,أبي القاسم,أبي القاسم مسلمة بن أحمد المجريطي , ‭13.18
 ابن البرغوث,أحمد,أبي القسم,أبي القسم أحمد بن عبد الله بن الصفار ابن البرغوث , ‭13.10
 ,,أبي النجاء,أبي النجاء بن هود ,‭13.81.2
 ,سالم,أبي النجاء,أبي النجاء سالم بن هود ,‭13.81.2
 ابن رشد,,أبي الوليد,أبي الوليد ابن رشد , ‭13.46
 ,,أبي الوليد,أبي الوليد بن رشد , ‭13.46
 ,,أبي الوليد,أبي الوليد بن رشد , ‭13.46
 ,,أبي الوليد,أبي الوليد بن رشد , ‭13.46
 ,,أبي الوليد,أبي الوليد بن رشد ,‭13.81.2
 ,هشام,أبي الوليد,أبي الوليد هشام بن أحمد بن هشام, ‭13.11
 ,,أبي بثمان,أبي بثمان , ‭13.18
 ,,أبي بكر,أبي بكر , ‭13.46
 ,,أبي بكر,أبي بكر , ‭13.46
 ,,أبي بكر,أبي بكر , ‭13.46
 ,,أبي بكر,أبي بكر بن الصائغ , ‭13.46
 ,,أبي بكر,أبي بكر بن الطفيل, ‭13.46
 ,,أبي بكر,أبي بكر بن العربي الفقيه , ‭13.46
 ,,أبي بكر,أبي بكر بن العربي لازمه , ‭13.46
 ,,أبي بكر,أبي بكر بن زهر , ‭13.46
 ,,أبي بكر,أبي بكر بن زهر , ‭13.46
 ,,أبي بكر,أبي بكر بن زهر , ‭13.46
 ,,أبي بكر,أبي بكر بن زهر , ‭13.46
 ,,أبي بكر,أبي بكر بن زهر , ‭13.46
 ,,أبي بكر,أبي بكر بن زهر , ‭13.46
 ,,أبي بكر,أبي بكر بن زهر , ‭13.46
 ,,أبي بكر,أبي بكر بن زهر ,‭13.68.3
 ,محمد,أبي بكر,أبي بكر محمد بن الصائغ بن باجة , ‭13.46
 ,محمد,أبي بكر,أبي بكر محمد بن يحيى , ‭13.46
 ,,أبي جعفر,أبي جعفر , ‭13.3
 ,,أبي جعفر,أبي جعفر بن الجزار لزمه , ‭13.18
 ,,أبي جعفر,أبي جعفر بن الغزال ,‭13.68.3
 ,,أبي جعفر,أبي جعفر بن هارون , ‭13.46
 ,,أبي حنيفة,أبي حنيفة الدينوري , ‭13.46
 ,,أبي سليمان,أبي سليمان , ‭13.46
 ,,أبي شيبة,أبي شيبة , ‭13.46
 ,,أبي طالب,أبي طالب , ‭13.3
 ,,أبي عامر,أبي عامر, ‭13.46
 ,,أبي عامر,أبي عامر , ‭13.46
 ,محمد,أبي عامر,أبي عامر محمد بن أبي عامر , ‭13.18
 ,,أبي عبد الله,أبي عبد الله , ‭13.2
 ,,أبي عبد الله,أبي عبد الله , ‭13.46
 ,,أبي عبد الله,أبي عبد الله , ‭13.46
 ,,أبي عبد الله,أبي عبد الله , ‭13.46
 ابن هود,,أبي عبد الله,أبي عبد الله ابن هود ,‭13.81.2
 ,,أبي عبد الله,أبي عبد الله بن هود,‭13.81.2
 ,سعيد,أبي عثمان,أبي عثمان سعيد بن محمد بن بغونش , ‭13.18
 ابن سينا,,أبي علي,أبي علي ابن سينا , ‭13.46
 ,,أبي علي,أبي علي بن سينا , ‭13.46
 ,,أبي علي,أبي علي بن عبد المؤمن ,‭13.80.1
 ,,أبي عما,أبي عما , ‭13.18
 ,,أبي لو,أبي لو , ‭13.46
 ,,أبي محمد,أبي محمد بن رزق , ‭13.46
 ابن الحفيد,عبد الله,أبي محمد,أبي محمد عبد الله ابن الحفيد أبي بكر ابن زهر , ‭13.46
 ,عبد الله,أبي محمد,أبي محمد عبد الله المهدي , ‭13.2
 ,عبد الله,أبي محمد,أبي محمد عبد الله بن الحفيد أبي بكر , ‭13.46
 ,عبد الله,أبي محمد,أبي محمد عبد الله بن الحفيد أبي بكر بن زهر , ‭13.46
 ,عبد المؤمن,أبي محمد,أبي محمد عبد المؤمن بن علي, ‭13.46
 ,,أبي مروان,أبي مروان, ‭13.46
 ,,أبي مروان,أبي مروان, ‭13.46
 ,,أبي مروان,أبي مروان , ‭13.46
 ,,أبي مروان,أبي مروان , ‭13.46
 ,,أبي مروان,أبي مروان بن زهر , ‭13.46
 ,,أبي مروان,أبي مروان بن زهر , ‭13.46
 ,,أبي مروان,أبي مروان بن زهر , ‭13.46
 ,عبد الملك,أبي مروان,أبي مروان عبد الملك بن أبي العلاء بن زهر , ‭13.46
 ,عبد الملك,أبي مروان,أبي مروان عبد الملك بن زهر ,‭13.68.3
 ,عبد الملك,أبي مروان,أبي مروان عبد الملك بن زهر ,‭13.68.3
 ,عبد الملك,أبي مروان,أبي مروان عبد الملك بن زهر ,‭13.80.2
 ,أحمد,أبي مسلم,أبي مسلم بن خلدون أبو جعفر أحمد بن عبد الله , ‭13.10
 ,,أبي من,أبي من , ‭13.46
 ,,أبي نصر,أبي نصر , ‭13.46
 ,,أبي نصر,أبي نصر , ‭13.46
 ,,أبي نصر,أبي نصر , ‭13.46
 ,,أبي نصر,أبي نصر الفارابي , ‭13.46
 ,,أبي وأن,أبي وأن , ‭13.46
 ,,أبي وهو,أبي وهو , ‭13.18
 ,,أبي يعقوب,أبي يعقوب , ‭13.46
 ,,أبي يعقوب,أبي يعقوب ,‭13.68.3
 ,,أبي يعقوب,أبي يعقوب ,‭13.68.3
 ,,أبي يوسف,أبي يوسف , ‭13.46
 ,,أبي يوسف,أبي يوسف الذي , ‭13.46
 ,أحمد,,أحمد بن أبي خالد , ‭13.3
 ,أحمد,,أحمد بن إبراهيم بن أبي خالد , ‭13.2
 ,أحمد,,أحمد بن إلياس القائد , ‭13.18
 ,أحمد,,أحمد بن الجزار , ‭13.3
 ,أحمد,,أحمد بن حفصون الفيلسوف , ‭13.18
 ,أحمد,,أحمد بن حكيم بن حفصون , ‭13.18
 ,أحمد,,أحمد بن عبد الملك الباجي , ‭13.46
 ,أحمد,,أحمد بن عيسى , ‭13.18
 ,أحمد,,أحمد بن محمد بن عبد , ‭13.18
 ,أحمد,,أحمد بن محمد بن عبد , ‭13.18
 ,أحمد,,أحمد بن محمد بن عبد , ‭13.18
 ,أحمد,,أحمد بن هشام, ‭13.10
 ,أصبغ,,أصبغ بن يحيى الطبيب , ‭13.18
 ,أمية,,أمية بن عبد العزيز , ‭13.46
 ,أمية,,أمية بن عبد العزيز بن أبي الصلت , ‭13.46
 ,إبراهيم,,إبراهيم بن الأغلب,
 ,إسحاق,,إسحاق بن سليمان , ‭13.2
 ,إسحاق,,إسحاق بن سليمان , ‭13.2
 ,إسحاق,,إسحاق بن سليمان , ‭13.2
 ,إسحاق,,إسحاق بن سليمان , ‭13.3
 ,إسحاق,,إسحاق بن سليمان الإسرائيلي ,
 ,إسحاق,,إسحاق بن سليمان المتطبب , ‭13.2
 ,إسحاق,,إسحاق بن عمران ,
 ,إسحاق,,إسحاق بن عمران ,
 ,إسحاق,,إسحاق بن عمران ,
 ,إسحاق,,إسحاق بن عمران , ‭13.2
 ,إسحاق,,إسحاق بن قسطار , ‭13.46
 ,إسماعيل,,إسماعيل بن عبد الرحمن بن إسماعيل بن عامر , ‭13.18
 ,إسماعيل,,إسماعيل بن محمد بن أحمد بن صاحب الصلاة , ‭13.46
 ,إصطفن,,إصطفن بن بسيل الترجمان , ‭13.18
 ابن أحمد,,,ابن أحمد , ‭13.5
 ابن أخت,يوسف,أبي الحجاج,ابن أخت أبي الحجاج يوسف بن موراطير ,‭13.68.3
 ابن أخي,,,ابن أخي , ‭13.18
 ابن أخي,,,ابن أخي القاضي , ‭13.3
 ابن أخي,,,ابن أخي النعمان , ‭13.3
 ابن أم,,,ابن أم البنين , ‭13.18
 ابن إسحاق,,,ابن إسحاق , ‭13.18
 ابن الأحمر,,,ابن الأحمر , ‭13.46
 ابن الأصم,,,ابن الأصم ,‭13.81.2
 ابن الأصم,,,ابن الأصم ,‭13.81.2
 ابن الأغلب,,,ابن الأغلب ,
 ابن الأغلب,,,ابن الأغلب ,
 ابن الأغلب,,,ابن الأغلب ,
 ابن الأغلب,,,ابن الأغلب ,
 ابن الأغلب,,,ابن الأغلب ,
 ابن البغونش,,,ابن البغونش , ‭13.18
 ابن الجزار,,,ابن الجزار , ‭13.2
 ابن الجزار,,,ابن الجزار , ‭13.3
 ابن الجزار,,,ابن الجزار , ‭13.3
 ابن الجزار,,,ابن الجزار , ‭13.18
 ابن الحفيد,,,ابن الحفيد ,‭13.68.3
 ابن الحلاء,,,ابن الحلاء المرسي ,‭13.81.2
 ابن الخياط,,,ابن الخياط , ‭13.18
 ابن الخياط,,,ابن الخياط , ‭13.18
 ابن الذهبي,,,ابن الذهبي , ‭13.18
 ابن الذهبي,,,ابن الذهبي , ‭13.18
 ابن الذهبي,,,ابن الذهبي , ‭13.18
 ابن الذهبي,,,ابن الذهبي , ‭13.18
 ابن الرومية,,,ابن الرومية ,‭13.81.2
 ابن السمح,,,ابن السمح , ‭13.5
 ابن السمح,,,ابن السمح , ‭13.5
 ابن السمح,,,ابن السمح , ‭13.6
 ابن السمينة,,,ابن السمينة , ‭13.3
 ابن الشناعة,,,ابن الشناعة , ‭13.18
 ابن الشَطَجَيْري,,,ابن الشَطَجَيْري , ‭13.14
 ابن الصفار,,,ابن الصفار , ‭13.5
 ابن الصفار,,,ابن الصفار , ‭13.6
 ابن الصفار,,,ابن الصفار , ‭13.7
 ابن الصفار,,,ابن الصفار المتطبب, ‭13.10
 ابن الصيرفي,,,ابن الصيرفي, ‭13.46
 ابن الصيرفي,,,ابن الصيرفي , ‭13.46
 ابن العطار,,,ابن العطار, ‭13.10
 ابن الكتاني,,,ابن الكتاني , ‭13.18
 ابن الكتاني,,,ابن الكتاني , ‭13.18
 ابن النباش,,,ابن النباش , ‭13.18
 ابن النباش,,,ابن النباش , ‭13.18
 ابن باجة,,,ابن باجة , ‭13.46
 ابن باجة,,,ابن باجة , ‭13.46
 ابن باجة,,,ابن باجة , ‭13.46
 ابن باجة,,,ابن باجة , ‭13.46
 ابن باجة,,,ابن باجة , ‭13.46
 ابن باجة,,,ابن باجة , ‭13.46
 ابن باجة,,,ابن باجة , ‭13.46
 ابن بكلارش,,,ابن بكلارش , ‭13.46
 ابن بكلارش,,,ابن بكلارش , ‭13.46
 ابن جلج,,,ابن جلج, ‭13.18
 ابن جلجل,,,ابن جلجل ,
 ابن جلجل,,,ابن جلجل , ‭13.3
 ابن جلجل,,,ابن جلجل , ‭13.3
 ابن جلجل,,,ابن جلجل , ‭13.17
 ابن جلجل,,,ابن جلجل , ‭13.18
 ابن جلجل,,,ابن جلجل , ‭13.18
 ابن جلجل,,,ابن جلجل , ‭13.18
 ابن جلجل,,,ابن جلجل , ‭13.18
 ابن جلجل,,,ابن جلجل , ‭13.18
 ابن جلجل,,,ابن جلجل , ‭13.18
 ابن جلجل,,,ابن جلجل , ‭13.18
 ابن جلجل,,,ابن جلجل , ‭13.18
 ابن جلجل,,,ابن جلجل , ‭13.18
 ابن جلجل,,,ابن جلجل , ‭13.18
 ابن جلجل,,,ابن جلجل , ‭13.18
 ابن جلجل,,,ابن جلجل , ‭13.18
 ابن جميع,,,ابن جميع المصري , ‭13.46
 ابن حزم,,,ابن حزم ,‭13.81.2
 ابن حزم,,,ابن حزم الإشبيلي , ‭13.46
 ابن حسداي,,,ابن حسداي , ‭13.46
 ابن حسداي,,,ابن حسداي , ‭13.46
 ابن حسداي,,,ابن حسداي , ‭13.46
 ابن خلدون,,,ابن خلدون, ‭13.5
 ابن خلدون,,,ابن خلدون , ‭13.9
 ابن خمس,,,ابن خمس , ‭13.18
 ابن خنبش,,,ابن خنبش , ‭13.2
 ابن ذي,,,ابن ذي النون , ‭13.18
 ابن رشد,,,ابن رشد , ‭13.46
 ابن رشد,,,ابن رشد , ‭13.46
 ابن رشد,,,ابن رشد , ‭13.46
 ابن رشد,,,ابن رشد , ‭13.46
 ابن رشد,,,ابن رشد , ‭13.46
 ابن رشد,,,ابن رشد , ‭13.46
 ابن رشد,,,ابن رشد , ‭13.46
 ابن رشد,,,ابن رشد , ‭13.46
 ابن رشد,,,ابن رشد , ‭13.46
 ابن رشد,,,ابن رشد , ‭13.46
 ابن رشد,,,ابن رشد , ‭13.46
 ابن رشد,,,ابن رشد , ‭13.46
 ابن رضوان,,,ابن رضوان , ‭13.46
 ابن رضوان,,,ابن رضوان , ‭13.46
 ابن زهر,,,ابن زهر, ‭13.46
 ابن زهر,,,ابن زهر, ‭13.46
 ابن زهر,,,ابن زهر,‭13.68.2
 ابن زهر,,,ابن زهر , ‭13.46
 ابن زهر,,,ابن زهر , ‭13.46
 ابن زهر,,,ابن زهر , ‭13.46
 ابن زهر,,,ابن زهر , ‭13.46
 ابن زهر,,,ابن زهر , ‭13.46
 ابن زهر,,,ابن زهر , ‭13.46
 ابن زهر,,,ابن زهر , ‭13.46
 ابن زهر,,,ابن زهر , ‭13.46
 ابن زهر,,,ابن زهر , ‭13.46
 ابن زهر,,,ابن زهر , ‭13.46
 ابن زهر,,,ابن زهر , ‭13.46
 ابن زهر,,,ابن زهر , ‭13.46
 ابن زهر,,,ابن زهر , ‭13.46
 ابن زهر,,,ابن زهر , ‭13.46
 ابن زهر,,,ابن زهر , ‭13.46
 ابن زهر,,,ابن زهر , ‭13.46
 ابن زهر,,,ابن زهر , ‭13.46
 ابن زهر,,,ابن زهر , ‭13.46
 ابن زهر,,,ابن زهر ,‭13.68.2
 ابن ست,,,ابن ست , ‭13.6
 ابن سمجون,,,ابن سمجون , ‭13.46
 ابن سمجون,,,ابن سمجون , ‭13.46
 ابن سيد,,,ابن سيد المهندس , ‭13.46
 ابن سينا,,,ابن سينا, ‭13.46
 ابن سينا,,,ابن سينا , ‭13.46
 ابن سينا,,,ابن سينا , ‭13.46
 ابن شهر,,,ابن شهر , ‭13.10
 ابن صمادح,,,ابن صمادح , ‭13.18
 ابن صمادح,,,ابن صمادح , ‭13.18
 ابن طبيب,,,ابن طبيب , ‭13.3
 ابن عبد,,,ابن عبد , ‭13.18
 ابن عبد,,,ابن عبد , ‭13.18
 ابن عمه,,,ابن عمه , ‭13.3
 ابن غلندو,,,ابن غلندو ,‭13.68.3
 ابن مؤمل,,,ابن مؤمل , ‭13.46
 ابن معن,,,ابن معن , ‭13.18
 ابن معن,,,ابن معن , ‭13.18
 ابن ملوكة,,,ابن ملوكة النصراني , ‭13.14
 ابن منظور,,,ابن منظور , ‭13.46
 ابن منظور,,,ابن منظور , ‭13.46
 ابن موراطير,,,ابن موراطير,‭13.68.2
 ابن موراطير,,,ابن موراطير,‭13.68.2
 ابن هارون,,,ابن هارون , ‭13.46
 ابن وافد,,,ابن وافد , ‭13.18
 ابن وافد,,,ابن وافد , ‭13.18
 ابن وافد,,,ابن وافد , ‭13.18
 ابن وافد,,,ابن وافد , ‭13.46
 ابن وصيف,,,ابن وصيف , ‭13.18
 ابن وهيب,,,ابن وهيب الإشبيلي , ‭13.46
 ,الأفضل,,الأفضل بن أمير الجيوش, ‭13.46
 ,الأفضل,,الأفضل بن أمير الجيوش, ‭13.46
 ,الأفضل,,الأفضل بن أمير الجيوش , ‭13.46
 البصّة,,,البصّة , ‭13.46
 ,الحسين,,الحسين بن محمد بن الحسين بن يحيى المهندس , ‭13.9
 ,الحفيد,,الحفيد بن زهر, ‭13.46
 ,الحفيد,,الحفيد بن زهر , ‭13.46
 ,الحفيد,,الحفيد بن زهر له , ‭13.46
 ,الحكم,,الحكم بن عبد الرحمن الناصر لدين الله , ‭13.46
 الحمار,,,الحمار , ‭13.18
 ,الرئيس,,الرئيس بن سينا , ‭13.46
 ,الرحمن,,الرحمن بن إسحاق بن هيثم , ‭13.18
 ,الرضا,,الرضا بن عبد الرحمن , ‭13.18
 الزهراوي,,,الزهراوي , ‭13.46
 السند,,,السند , ‭13.6
 السند,,,السند , ‭13.6
 الشجار,,,الشجار , ‭13.18
 ,,,العالي بالله , ‭13.46
 ,العباس,,العباس بن الرومية ,‭13.81.2
 ,العلاء,,العلاء بن زهر , ‭13.46
 الفار,,,الفار , ‭13.46
 الفار,,,الفار لا , ‭13.46
 ,الله,,الله بن عبد العزيز البكري , ‭13.46
 ,الله,,الله بن هود, ‭13.46
 ,,,المؤيد بالله , ‭13.18
 ,,,المؤيد بالله , ‭13.18
 المجريطي,,,المجريطي , ‭13.4
 المجريطي,,,المجريطي , ‭13.7
 المجريطي,,,المجريطي , ‭13.8
 المجسطي,,,المجسطي , ‭13.5
 ,,,المستنصر بالله , ‭13.18
 ,,,المستنصر بالله , ‭13.18
 ,,,المستنصر بالله , ‭13.18
 ,,,المستنصر بالله , ‭13.18
 ,,,المستنصر بالله الأموي , ‭13.18
 ,,,المستنصر بالله لأن , ‭13.18
 ,المستنصر,,المستنصر بن الناصر,‭13.68.3
 ,المستنصر,,المستنصر بن الناصر ,‭13.68.3
 المصدوم,,,المصدوم , ‭13.46
 ,,,المعتصم بالله , ‭13.18
 ,عباد,أبي عمرو,المعتضد بالله أبي عمرو عباد بن عباد , ‭13.46
 المغيث,,,المغيث الكبير , ‭13.18
 ,الناصر,أبي يعقوب,الناصر بن المنصور أبي يعقوب , ‭13.46
 ,الوليد,,الوليد بن رشد , ‭13.46
 ,الوليد,,الوليد بن رشد , ‭13.46
 ,الوليد,,الوليد بن رشد ,‭13.81.1
 اليوناني,,,اليوناني , ‭13.2
 بحر,,,بحر الظلمة , ‭13.3
 بركة,,,بركة الحبش , ‭13.46
 ,,,بن أبي عامر, ‭13.18
 ,عبد الملك,,بن أبي مروان عبد الملك بن محمد , ‭13.46
 ,,,بن أحمد, ‭13.8
 ,,,بن أحمد, ‭13.10
 ,,,بن أحمد, ‭13.46
 ,,,بن أحمد, ‭13.46
 ,,,بن إسحاق, ‭13.46
 ,,,بن الفوال , ‭13.18
 ,,,بن الفوال , ‭13.46
 ,,,بن بسيل الترجمان , ‭13.18
 ,,,بن جريج الطبيب , ‭13.14
 ,,,بن حسداي , ‭13.46
 ,,,بن خلدون الحضرمي , ‭13.10
 ,,,بن زهر , ‭13.46
 ,,,بن زهر لنفسه, ‭13.46
 ,,,بن زهر لنفسه , ‭13.46
 ,,,بن سحنون ,‭13.81.1
 ,,,بن عربي, ‭13.46
 ,,,بن علي, ‭13.46
 ,,,بن علي بن محمد , ‭13.46
 ,,,بن عيسى بن حزم بن اليسع , ‭13.46
 ,,,بن محمد بن العربي الحاتمي , ‭13.46
 ,,,بن مروان, ‭13.46
 ,,,بن مروان بن زهر لحق , ‭13.46
 ,,,بن مسلمة الباجي ,‭13.68.3
 ,,,بن يوجان , ‭13.46
 ,ثابت,,ثابت بن سنان بن ثابت بن قرة الحراني , ‭13.18
 ,جعفر,,جعفر بن حسان ,‭13.68.3
 ,جعفر,,جعفر بن هارون , ‭13.46
 ,,,جمال الدين بن القفطي , ‭13.3
 ,حبوس,,حبوس بن ماكسن بن زيري بن مناد الصنهاجي , ‭13.6
 ,حسداي,,حسداي بن إسحاق , ‭13.46
 ,حسداي,,حسداي بن إسحاق , ‭13.46
 ,حمدين,,حمدين بن أُبّا , ‭13.11
 ,حنين,,حنين بن إسحاق , ‭13.18
 ,حنين,,حنين بن إسحاق , ‭13.46
 ,خالد,,خالد بن يزيد بن رومان النصراني , ‭13.13
 ,خلف,,خلف بن عباس الزهراوي , ‭13.46
 ,خلف,,خلف بن عباس الزهراوي , ‭13.46
 ,ربيع,,ربيع بن زيد الأسقف , ‭13.18
 زاد,,,زاد المسافر, ‭13.3
 ,زيادة الله,,زيادة الله بن الأغلب , ‭13.2
 ,زيادة الله,,زيادة الله بن الأغلب التميمي ,
 ,,,سديد الدين المنطقي , ‭13.46
 ,سعيد,,سعيد بن توفيل المتطبب ,
 ,سعيد,,سعيد بن عبد , ‭13.18
 ,سعيد,,سعيد بن عبد , ‭13.18
 ,سعيد,,سعيد بن عبد , ‭13.18
 ,سعيد,,سعيد بن عبد , ‭13.18
 ,سعيد,,سعيد بن عبد الرحمن بن محمد بن عبد ربه بن حبيب بن محمد بن سالم , ‭13.18
 ,سعيد,,سعيد بن فتحون السرقسطي , ‭13.18
 ,سعيد,,سعيد بن محمد بن البغونش , ‭13.18
 ,سليمان,,سليمان بن أيوب الفقيه , ‭13.18
 ,سليمان,,سليمان بن جلجل , ‭13.18
 ,سليمان,,سليمان بن حسان ,
 ,سليمان,,سليمان بن حسان , ‭13.3
 ,سليمان,,سليمان بن حكم بن الناصر لدين الله , ‭13.18
 ,صاعد,,صاعد بن أحمد بن صاعد , ‭13.4
 ,عبد الرحمن,,عبد الرحمن, ‭13.46
 ,عبد الرحمن,,عبد الرحمن , ‭13.16
 ,عبد الرحمن,,عبد الرحمن الناصر , ‭13.15
 ,عبد الرحمن,,عبد الرحمن الناصر , ‭13.18
 ,عبد الرحمن,,عبد الرحمن الناصر حسداي بن شبروط , ‭13.18
 ,عبد الرحمن,,عبد الرحمن الناصر لدين الله , ‭13.18
 ,عبد الرحمن,,عبد الرحمن بن إسحاق بن الهيثم, ‭13.18
 ,عبد الرحمن,,عبد الرحمن بن محمد , ‭13.18
 ,عبد الرحمن,,عبد الرحمن بن محمد بن عبد الكبير بن يحيى بن وافد بن مهند اللخمي , ‭13.18
 ,عبد العزيز,,عبد العزيز, ‭13.46
 ,عبد العزيز,,عبد العزيز ,‭13.68.3
 ,عبد العزيز,,عبد العزيز بن مسلمة الباجي ,‭13.81.2
 ,عبد الله,,عبد الله , ‭13.46
 ,عبد الله,,عبد الله , ‭13.46
 ,عبد الله,,عبد الله الأموي, ‭13.18
 ,عبد الله,,عبد الله الصقلي , ‭13.18
 ,عبد الله,,عبد الله الندرومي ,‭13.81.2
 ,عبد الله,أبي بكر,عبد الله بن الحفيد أبي بكر , ‭13.46
 ,عبد الله,,عبد الله بن بدر , ‭13.17
 ,عبد الله,,عبد الله بن بدر , ‭13.17
 ,عبد الله,,عبد الله محمد بن أحمد لما , ‭13.46
 ,عبد الله,,عبد الله محمد بن إبراهيم القاضي , ‭13.18
 ,عبد الله,,عبد الله محمد بن إبراهيم القاضي , ‭13.18
 ,عبد الله,,عبد الله محمد بن مسعود البجاني , ‭13.18
 ,عبد المؤمن,,عبد المؤمن, ‭13.46
 ,عبد المؤمن,,عبد المؤمن, ‭13.46
 ,عبد المؤمن,,عبد المؤمن, ‭13.46
 ,عبد المؤمن,,عبد المؤمن , ‭13.46
 ,عبد المؤمن,,عبد المؤمن , ‭13.46
 ,عبد المؤمن,,عبد المؤمن , ‭13.46
 ,عبد المؤمن,,عبد المؤمن , ‭13.46
 ,عبد المؤمن,,عبد المؤمن , ‭13.46
 ,عبد المؤمن,,عبد المؤمن , ‭13.46
 ,عبد المؤمن,,عبد المؤمن , ‭13.46
 ,عبد المؤمن,أبي يعقوب,عبد المؤمن أبي يعقوب , ‭13.46
 ,عبد الملك,,عبد الملك, ‭13.46
 ,عبد الملك,,عبد الملك , ‭13.18
 ,عبد الملك,,عبد الملك , ‭13.46
 ,عبد الملك,,عبد الملك الباجي , ‭13.46
 ,عبد الملك,,عبد الملك بن محمد بن مروان, ‭13.46
 ,عبد الواحد,,عبد الواحد , ‭13.46
 ,قيصر,,علم الدين قيصر بن أبي القاسم بن عبد الغني بن مسافر الحنفي , ‭13.46
 ,علي,,علي بن رضوان , ‭13.2
 ,علي,,علي بن رضوان الطبيب , ‭13.2
 ,علي,,علي بن رضوان لكتاب , ‭13.46
 ,علي,,علي بن سليمان الزهرواي , ‭13.8
 ,علي,,علي بن منجب بن سليمان المعروف , ‭13.46
 ,علي,,علي بن يوسف بن تاشفين , ‭13.46
 ,عليِّ,,عليِّ بن أبي طـالـبِ, ‭13.46
 ,عمر,,عمر بن حفص , ‭13.18
 ,عمر,,عمر بن حفص بن بريق , ‭13.18
 ,عمر,,عمر بن يونس بن أحمد الحراني , ‭13.18
 ,عمران,,عمران بن أبي عمرو , ‭13.15
 ,عمران,,عمران بن أبي عمرو , ‭13.16
 ,عمران,,عمران بن أبي عمرو , ‭13.17
 عهده,,,عهده , ‭13.46
 ,فيد,,فيد بن نجم , ‭13.18
 ,كر,أبي الحسن,كر بن الفقيه القاضي أبي الحسن , ‭13.46
 ,,,لا بالله , ‭13.46
 ,,,لزيادة الله ,
 ,,,لزيادة الله ,
 ,أحمد,أبي جعفر,لمستعين بالله أبي جعفر أحمد بن المؤتمن , ‭13.46
 ,,,له بالله , ‭13.46
 ,,,متين الدين , ‭13.46
 ,محمد,,محمد بن أبي عامر , ‭13.18
 ,محمد,,محمد بن أبي عامر , ‭13.46
 ,محمد,,محمد بن أبي مروان عبد الملك بن أبي العلاء زهر بن أبي مروان عبد الملك بن محمد بن مروان , ‭13.46
 ,محمد,,محمد بن أحمد بن صالح العبدي , ‭13.46
 ابن رشد,محمد,,محمد بن أحمد بن محمد ابن رشد , ‭13.46
 ,محمد,,محمد بن الحسين , ‭13.18
 ,محمد,,محمد بن تمليخ , ‭13.18
 ,محمد,,محمد بن تمليخ , ‭13.18
 ,محمد,,محمد بن رشد , ‭13.46
 ,محمد,,محمد بن سعيد الطبيب , ‭13.18
 ,محمد,,محمد بن عبد الرحمن , ‭13.12
 ,محمد,,محمد بن عبد الرحمن , ‭13.18
 ,محمد,,محمد بن عبدون , ‭13.18
 ,محمد,,محمد بن عبدون , ‭13.18
 ,محمد,,محمد بن عبدون الجبلي , ‭13.18
 ,محمد,,محمد بن عبدون الجبلي , ‭13.18
 ,محمد,,محمد بن عبدون الجبلي , ‭13.18
 ,محمد,,محمد بن عبدون الجبلي , ‭13.18
 ,محمد,,محمد بن فتح , ‭13.16
 ,محمد,,محمد بن محمد الحسني , ‭13.46
 ,محمد,,محمد بن موسى الخوارزمي , ‭13.5
 ,محمد,,محمد بن ميمون , ‭13.18
 ,,أبو عبد الله,محيي الدين أبو عبد الله , ‭13.46
 ,محمد,أبو عبد الله,محيي الدين أبو عبد الله محمد بن علي , ‭13.46
 مركوش,,,مركوش , ‭13.18
 ابن زهر,مروان,,مروان بن أبي العلاء ابن زهر , ‭13.46
 ,مروان,,مروان بن جناح , ‭13.46
 ,مروان,,مروان بن جناح الوارد , ‭13.18
 ,مسلمة,,مسلمة بن أحمد , ‭13.18
 ,مسلمة,,مسلمة بن أحمد المجريطي, ‭13.18
 ,مطرف,,مطرف بن ذي النون , ‭13.18
 مقابر,,,مقابر الشيوخ , ‭13.46
 ,منجم,,منجم بن الفوال , ‭13.18
 ,نجم,,نجم بن طرفة , ‭13.18
 نزهة,,,نزهة النفس ,
 ,هارون,,هارون بن موسى الأشوني , ‭13.18
 ,هشام,,هشام بن الحكم المؤيد , ‭13.18
 ,يحيى,,يحيى بن إسحاق, ‭13.18
 ,يحيى,,يحيى بن إسحاق , ‭13.18
 ,يحيى,,يحيى بن إسحاق , ‭13.18
 ,يحيى,,يحيى بن إسماعيل بن ذي النون , ‭13.18
 ,يحيى,,يحيى بن الظافر إسماعيل بن ذي النون , ‭13.18
 ,يحيى,,يحيى بن يحيى , ‭13.3
 ,يعقوب,,يعقوب بن إسحاق الكندي , ‭13.46
 ,يوسف,,يوسف بن أحمد بن حسداي , ‭13.46
 ,يوسف,,يوسف بن أحمد بن حسداي , ‭13.46
 ,يوسف,,يوسف بن أحمد بن حسداي , ‭13.46
 ,يوسف,,يوسف بن حسداي الإسرائيلي , ‭13.9
 ,يونس,,يونس بن أحمد الحراني , ‭13.18
